,player,team,position,minutes,boxraptor_off,boxraptor_def,boxraptor_total,onoffraptor_off,onoffraptor_def,onoffraptor_total,offensiveraptor,defensiveraptor,totalraptor,war
1,James Harden,Rockets,SG,"2,931",9.5,1.2,10.8,1.6,4.6,6.2,8.5,2,10.5,19.8
2,Kawhi Leonard,Clippers,SF,"2,359",6.3,3.2,9.5,5.4,2.7,8.1,6.4,3.3,9.6,14.9
3,Giannis Antetokounmpo,Bucks,PF,"2,194",5.6,2.6,8.2,2.9,6.2,9.1,5.3,3.4,8.8,13.1
4,LeBron James,Lakers,SF,"3,078",6.6,0.2,6.9,4.4,5.7,10.1,6.5,1.3,7.8,16.8
5,Anthony Davis,Lakers,PF,"2,900",3.9,4.7,8.5,-0.8,2.2,1.4,3.1,4.3,7.4,15.5
6,Karl-Anthony Towns,Timberwolves,C,"1,187",4.9,2.3,7.3,7.1,-5.3,1.8,5.8,0.9,6.7,5.8
7,Damian Lillard,Trail Blazers,PG,"2,617",8.7,-2.2,6.5,3.7,0.3,3.9,8.1,-1.8,6.4,12.3
8,Luka Doncic,Mavericks,PG,"2,262",8.5,-1,7.5,1.5,-1.1,0.3,7.4,-1.1,6.3,10.6
8,Paul George,Clippers,SG,"1,898",3.7,3.2,6.9,1.9,0.7,2.7,3.5,2.8,6.3,8.9
10,Jimmy Butler,Heat,SG,"2,765",4.3,1.8,6.1,2,0.1,2.1,4.1,1.5,5.6,11.8
10,Rudy Gobert,Jazz,C,"2,603",-0.7,5.9,5.3,3.3,2.2,5.6,0.1,5.5,5.6,11.1
12,Jayson Tatum,Celtics,SF,"2,955",3.5,1.3,4.8,2.1,5,7.1,3.4,2.1,5.5,12.5
13,Nikola Jokic,Nuggets,C,"3,030",4.5,0.9,5.4,3.8,-1.4,2.5,4.6,0.5,5.1,12.1
14,Kyle Lowry,Raptors,PG,"2,511",3.8,1.7,5.6,-0.2,1,0.8,3.2,1.6,4.8,9.9
15,Jrue Holiday,Pelicans,SG,"2,117",2.3,1.9,4.2,1.6,3.7,5.3,2.3,2.4,4.7,8.1
15,Khris Middleton,Bucks,SF,"2,208",3.4,1,4.3,3,2.1,5.1,3.5,1.2,4.7,8.4
15,Kemba Walker,Celtics,PG,"2,370",4.4,0.6,5,5.5,-2.7,2.8,4.8,-0.1,4.7,9.1
18,Ivica Zubac,Clippers,C,"1,646",0.5,3.5,4,3.3,3,6.3,1.1,3.5,4.6,6.2
19,Patrick Beverley,Clippers,PG,"1,508",0.8,2.9,3.7,2.6,4.2,6.8,1.2,3.3,4.5,5.6
20,Christian Wood,Pistons,PF,"1,325",1.4,2.5,3.9,2.8,2.2,5.1,1.8,2.7,4.4,4.9
21,Joel Embiid,76ers,C,"1,651",1.8,3.3,5.1,-3.9,2.8,-1.1,0.7,3.4,4,5.7
22,Jakob Poeltl,Spurs,C,"1,171",-0.4,3.4,3,5.4,0.4,5.8,0.8,3,3.8,3.9
23,Patty Mills,Spurs,PG,"1,485",3.1,0.1,3.2,3,1.5,4.5,3.3,0.4,3.7,4.9
23,Jamal Murray,Nuggets,PG,"2,657",2.9,-0.2,2.7,4,2.8,6.8,3.2,0.4,3.7,8.8
23,Trae Young,Hawks,PG,"2,120",6.4,-2.7,3.7,7.1,-5.4,1.8,7.1,-3.3,3.7,7.2
26,Chris Paul,Thunder,PG,"2,469",5,-1.9,3.1,6.1,-1.5,4.6,5.6,-2,3.6,7.9
27,Derrick Favors,Pelicans,PF,"1,243",-0.1,2.6,2.5,3.9,1.9,5.8,0.7,2.7,3.4,3.9
27,Derrick White,Spurs,SG,"1,677",1.8,2,3.8,-1.6,2.2,0.6,1.2,2.2,3.4,5.3
29,Montrezl Harrell,Clippers,C,"1,992",0.7,3.4,4.1,-1.5,0.5,-1.1,0.2,2.9,3.2,6
30,Clint Capela,Hawks,C,"1,279",-1,4.9,3.8,-0.5,0.2,-0.3,-1,4.2,3.1,3.8
30,Donte DiVincenzo,Bucks,SG,"1,685",0.3,2.4,2.7,1.5,2.8,4.3,0.5,2.5,3.1,5
30,George Hill,Bucks,PG,"1,539",2.3,0.7,3,1.2,1.7,2.9,2.2,0.9,3.1,4.5
33,Danny Green,Lakers,SG,"2,212",0.3,2.5,2.8,3.3,0.3,3.6,0.9,2.1,3,6.6
33,Mitchell Robinson,Knicks,C,"1,412",1.3,1.5,2.8,0.5,1.9,2.4,1.3,1.7,3,4.1
33,Hassan Whiteside,Trail Blazers,C,"2,114",0.4,2.4,2.8,2,0.8,2.7,0.7,2.3,3,6.1
36,Marcus Smart,Celtics,SG,"2,567",1.2,1.7,2.9,0,2.4,2.3,1,1.9,2.9,7.5
37,Fred VanVleet,Raptors,SG,"2,358",2.4,1.4,3.8,-1.4,-0.1,-1.5,1.7,1.1,2.8,6.7
38,Danilo Gallinari,Thunder,PF,"2,046",3,0.2,3.2,5.6,-5.7,0,3.7,-1.1,2.7,5.6
38,Rondae Hollis-Jefferson,Raptors,SF,"1,161",0.6,2.7,3.4,-0.2,0.1,-0.1,0.5,2.3,2.7,3.2
40,Eric Bledsoe,Bucks,PG,"1,913",1.3,1.4,2.7,1.1,0.9,2.1,1.3,1.3,2.6,5.3
40,Jonas Valanciunas,Grizzlies,C,"1,845",0.5,2,2.5,0.4,1.6,2,0.5,2.1,2.6,5
42,Jarrett Allen,Nets,C,"1,984",-0.7,2.9,2.2,3.2,-0.3,2.9,0,2.4,2.5,5.3
42,Will Barton,Nuggets,SF,"1,916",1.4,0.6,2,1.6,2.4,4,1.5,1,2.5,5.1
42,Kris Dunn,Bulls,PG,"1,269",-1.3,3.8,2.5,-3.2,4.6,1.4,-1.7,4.1,2.5,3.4
42,Justin Holiday,Pacers,SF,"1,957",0.2,2.7,2.9,-0.5,0.4,0,0.1,2.4,2.5,5.2
42,Duncan Robinson,Heat,SG,"2,766",2.5,-1.1,1.4,5.8,0.9,6.8,3.3,-0.8,2.5,7.5
47,Alex Caruso,Lakers,PG,"1,685",-1.3,3.5,2.2,-1.2,4.2,3,-1.4,3.8,2.4,4.5
47,Gorgui Dieng,Grizzlies,PF,"1,096",-1.9,5,3.1,-6.1,4.6,-1.5,-2.9,5.2,2.4,2.9
47,Kristaps Porzingis,Mavericks,PF,"1,908",0.5,1.7,2.1,1.7,1.5,3.3,0.6,1.8,2.4,5.1
50,Derrick Jones Jr.,Heat,SF,"1,472",0.1,2.8,3,-0.2,-0.7,-1,0,2.2,2.3,3.8
50,JaVale McGee,Lakers,C,"1,265",-1.1,3.9,2.8,1.8,-1.5,0.2,-0.6,2.9,2.3,3.3
50,Ben Simmons,76ers,PG,"2,017",0.4,2.6,2.9,-2,1.4,-0.6,-0.1,2.4,2.3,5.3
53,Davis Bertans,Wizards,PF,"1,583",2.2,-0.5,1.7,4.5,-1.4,3.1,2.8,-0.6,2.2,4.1
53,De'Anthony Melton,Grizzlies,PG,"1,167",-0.6,1.7,1.1,2.8,3.3,6,0.1,2.1,2.2,3
53,Nikola Vucevic,Magic,C,"2,183",0.3,1.7,2,3.4,-1.1,2.3,1,1.3,2.2,5.6
56,Bam Adebayo,Heat,C,"3,104",-0.9,2.3,1.4,3.6,1.2,4.8,-0.1,2.2,2.1,7.8
57,Steven Adams,Thunder,C,"1,890",0.4,1.9,2.3,-0.1,0.2,0.2,0.3,1.7,2,4.5
57,Enes Kanter,Celtics,C,"1,085",1.1,0.5,1.7,3.9,-0.6,3.3,1.7,0.3,2,2.6
59,Devin Booker,Suns,SG,"2,512",3.9,-2.6,1.2,7.2,-3.4,3.9,4.8,-2.9,1.9,6
59,Terence Davis,Raptors,SG,"1,293",1.1,0.1,1.2,3.6,1.1,4.7,1.6,0.3,1.9,3.1
59,Brook Lopez,Bucks,C,"2,145",-1.8,3.8,2,0.6,1.2,1.8,-1.4,3.3,1.9,5.1
62,Deandre Ayton,Suns,C,"1,236",-1.7,3.3,1.6,1.2,0.8,2,-1.2,3,1.8,2.8
62,Mikal Bridges,Suns,SF,"2,042",0,1.5,1.5,0.5,2,2.5,0.1,1.7,1.8,4.7
62,Jaylen Brown,Celtics,SG,"2,606",1.2,1.2,2.4,1,-1.8,-0.8,1.2,0.6,1.8,6.1
65,Nemanja Bjelica,Kings,PF,"2,011",1.3,-0.1,1.2,4.2,-1.1,3.1,2,-0.3,1.7,4.6
65,Robert Covington,Rockets,PF,"2,516",-0.5,2.1,1.7,0.5,0.9,1.5,-0.3,2,1.7,5.8
65,Marc Gasol,Raptors,C,"1,389",-2.6,3.8,1.2,-0.7,4.4,3.7,-2.4,4,1.7,3.1
65,Michael Porter Jr.,Nuggets,SF,"1,354",1.6,-0.2,1.4,3.3,-0.7,2.6,2,-0.3,1.7,3.2
65,Matisse Thybulle,76ers,SF,"1,362",-1.6,3.7,2.1,-0.8,0.6,-0.1,-1.5,3.3,1.7,3.1
70,Bradley Beal,Wizards,SG,"2,053",5.2,-2.9,2.3,4.3,-6.4,-2,5.4,-3.7,1.6,4.7
70,Goran Dragic,Heat,PG,"2,216",2.3,-1,1.3,0.7,1.6,2.3,2.1,-0.5,1.6,5
70,Royce O'Neale,Jazz,SF,"2,298",-0.8,2,1.2,2.7,-0.2,2.5,-0.1,1.7,1.6,5
70,Ricky Rubio,Suns,PG,"2,016",1.2,-0.4,0.8,2.9,1.5,4.4,1.6,-0.1,1.6,4.5
74,Devonte' Graham,Hornets,PG,"2,211",2.2,-1.8,0.4,4.7,-0.3,4.4,2.9,-1.5,1.4,4.7
74,Donovan Mitchell,Jazz,SG,"2,628",3.6,-1.9,1.7,1.5,-1.1,0.4,3.3,-1.9,1.4,5.7
74,Domantas Sabonis,Pacers,C,"2,159",1,0,1,2.1,0.5,2.6,1.3,0.1,1.4,4.5
74,Dennis Schroder,Thunder,PG,"2,226",0.2,-0.1,0.1,-2.1,8.5,6.3,-0.2,1.6,1.4,4.7
78,Joe Ingles,Jazz,SF,"2,371",0.6,0.1,0.7,-0.8,3.9,3.2,0.4,0.9,1.3,4.9
78,Wesley Matthews,Bucks,SG,"1,881",-1.9,2.6,0.7,-0.7,4.6,4,-1.8,3.1,1.3,3.9
78,Marcus Morris Sr.,Clippers,PF,"2,324",0.1,0.2,0.3,3.2,1.6,4.8,0.8,0.5,1.3,4.8
81,Bogdan Bogdanovic,Kings,SG,"1,766",1.9,-0.4,1.5,0.1,-0.3,-0.2,1.6,-0.4,1.2,3.6
81,Spencer Dinwiddie,Nets,PG,"1,994",3.3,-2.3,1,2.4,-1,1.4,3.4,-2.2,1.2,4
81,Caris LeVert,Nets,SG,"1,470",1.9,-0.3,1.6,0.8,-1.5,-0.7,1.8,-0.6,1.2,3
81,Larry Nance Jr.,Cavaliers,PF,"1,472",0.3,0.2,0.5,-1.2,4.3,3.1,0.1,1.1,1.2,2.9
85,Shai Gilgeous-Alexander,Thunder,SG,"2,707",1,0.2,1.1,3.4,-2.4,0.9,1.6,-0.4,1.1,5.4
85,Aaron Holiday,Pacers,PG,"1,689",-0.2,1.1,1,2.8,-1.3,1.5,0.5,0.7,1.1,3.3
85,Richaun Holmes,Kings,PF,"1,242",-0.2,1,0.8,1.6,0.4,2,0.2,0.9,1.1,2.4
85,Elfrid Payton,Knicks,PG,"1,246",0.1,0.5,0.6,3.3,-0.7,2.6,0.8,0.3,1.1,2.5
85,Daniel Theis,Celtics,C,"2,048",-0.8,2.1,1.3,-0.7,1.2,0.5,-0.9,2,1.1,4
90,Tim Hardaway Jr.,Mavericks,SF,"2,295",1.8,-0.5,1.2,1.8,-1.6,0.1,1.8,-0.8,1,4.4
90,T.J. Warren,Pacers,SF,"2,358",0.9,0,0.9,-0.1,1.2,1.1,0.8,0.2,1,4.5
92,OG Anunoby,Raptors,SF,"2,459",-1.3,2,0.7,2.1,-0.2,1.9,-0.7,1.6,0.9,4.6
92,Malcolm Brogdon,Pacers,PG,"1,826",1.8,-1,0.8,-1.6,2.8,1.1,1.2,-0.3,0.9,3.4
92,Brandon Clarke,Grizzlies,PF,"1,300",0.2,0.5,0.7,0.1,1.5,1.6,0.2,0.7,0.9,2.5
92,Jordan Clarkson,Jazz,SG,"1,905",3.1,-1.9,1.2,0.8,-1.2,-0.3,2.7,-1.9,0.9,3.5
92,Dorian Finney-Smith,Mavericks,SF,"2,311",-0.5,0.5,0,2.5,1.8,4.3,0.1,0.8,0.9,4.3
92,Al Horford,76ers,PF,"2,154",0,0.5,0.5,1.5,1.1,2.7,0.3,0.6,0.9,4
92,Paul Millsap,Nuggets,PF,"1,699",-0.8,1.1,0.3,1,2.3,3.3,-0.5,1.4,0.9,3.2
92,Kelly Olynyk,Heat,PF,"1,558",0.9,0,0.9,0.5,0.3,0.8,0.8,0.1,0.9,2.9
100,Isaac Bonga,Wizards,SF,"1,250",-0.8,0.8,-0.1,-2.1,6,3.9,-1.2,2,0.8,2.3
100,Gordon Hayward,Celtics,SF,"1,897",1.2,-1.2,0,3,0.9,3.9,1.6,-0.9,0.8,3.4
100,Jeremy Lamb,Pacers,SG,"1,291",0.5,1.3,1.7,-0.6,-2.8,-3.4,0.3,0.5,0.8,2.3
100,Delon Wright,Mavericks,PG,"1,623",0.9,0.4,1.3,-1.8,0.4,-1.4,0.4,0.4,0.8,2.9
104,Willie Cauley-Stein,Mavericks,C,"1,097",-4.1,4.8,0.7,-2.4,2.3,0,-4,4.7,0.7,1.9
104,Dwight Howard,Lakers,C,"1,588",-0.1,0.8,0.7,2.5,-1.4,1,0.4,0.3,0.7,2.8
104,CJ McCollum,Trail Blazers,SG,"2,752",2,-1.6,0.4,3.8,-2.2,1.7,2.5,-1.8,0.7,4.8
104,Dwight Powell,Mavericks,C,"1,061",-1,0.7,-0.2,3.3,0.9,4.2,-0.2,0.8,0.7,1.8
104,Pascal Siakam,Raptors,PF,"2,528",-0.7,0.1,-0.6,1.6,4.7,6.3,-0.2,1,0.7,4.5
109,Josh Richardson,76ers,SG,"1,837",-0.2,0.5,0.3,0.4,1.6,2,-0.1,0.8,0.6,3.2
110,Evan Fournier,Magic,SG,"2,247",1.2,-0.2,1,0.3,-2.4,-2.1,1.1,-0.7,0.5,3.7
110,Brandon Ingram,Pelicans,SF,"2,104",2.1,-1.3,0.8,-0.7,-0.3,-1,1.6,-1.1,0.5,3.5
112,De'Aaron Fox,Kings,PG,"1,634",2.4,-1.4,1,2.1,-4.2,-2.1,2.5,-2,0.4,2.7
112,Derrick Rose,Pistons,PG,"1,298",2.7,-2.2,0.5,1.3,-1.9,-0.6,2.6,-2.2,0.4,2.1
112,Terrence Ross,Magic,SF,"2,024",1.5,-1.2,0.3,-1.9,2.2,0.4,1,-0.6,0.4,3.2
115,Tobias Harris,76ers,SF,"2,618",0.7,-1,-0.2,1.6,1,2.6,0.9,-0.6,0.3,4
115,DeAndre Jordan,Nets,C,"1,234",-0.9,1.6,0.7,-3.8,2.3,-1.5,-1.6,1.8,0.3,1.9
115,Furkan Korkmaz,76ers,SG,"1,599",0.1,0.5,0.5,0.1,-0.5,-0.4,0.1,0.3,0.3,2.5
115,Damion Lee,Warriors,SG,"1,423",-0.8,0.2,-0.6,1.3,2,3.3,-0.3,0.6,0.3,2.2
115,Nerlens Noel,Thunder,C,"1,224",-1.3,1.8,0.5,-3.1,2.2,-0.9,-1.7,2,0.3,1.9
120,Alec Burks,76ers,SG,"1,849",2,-1.4,0.6,-2.7,0.7,-1.9,1.2,-1,0.2,2.7
120,Josh Hart,Pelicans,SF,"1,755",0.2,0.6,0.7,-1.1,-0.9,-2,-0.1,0.3,0.2,2.7
120,Kyle Korver,Bucks,SG,"1,079",0.6,0,0.6,-0.4,-0.7,-1.2,0.4,-0.3,0.2,1.6
120,Norman Powell,Raptors,SF,"1,752",0.9,-0.3,0.6,-0.9,-0.1,-1,0.6,-0.3,0.2,2.7
120,Tomas Satoransky,Bulls,PG,"1,878",-0.5,0.3,-0.2,2.1,-0.7,1.4,0.1,0.1,0.2,2.8
120,P.J. Tucker,Rockets,C,"2,881",-2.4,2.6,0.2,0,0.7,0.7,-2.1,2.3,0.2,4.4
126,LaMarcus Aldridge,Spurs,PF,"1,754",-0.5,1.1,0.6,-0.8,-0.9,-1.7,-0.7,0.8,0.1,2.5
126,Bruce Brown,Pistons,SG,"1,634",-1.7,2.2,0.5,-2.1,0.1,-2,-1.8,1.9,0.1,2.4
126,Seth Curry,Mavericks,SG,"1,749",2.7,-2.9,-0.2,2.4,-0.7,1.7,2.7,-2.6,0.1,2.5
126,DeMar DeRozan,Spurs,SF,"2,316",2.8,-2.5,0.3,1.9,-2.6,-0.7,2.8,-2.7,0.1,3.3
126,Kelly Oubre Jr.,Suns,SF,"1,933",0.2,0.6,0.8,-2.6,0.2,-2.5,-0.4,0.5,0.1,2.8
131,Danuel House Jr.,Rockets,SF,"2,192",-1,0.6,-0.4,2.5,-0.8,1.8,-0.4,0.3,0,3
131,Kevin Love,Cavaliers,PF,"1,780",1.2,-1,0.2,1.8,-3.5,-1.7,1.5,-1.5,0,2.5
133,Gary Trent Jr.,Trail Blazers,SG,"1,485",0.9,-0.2,0.7,-1.1,-1.7,-2.8,0.5,-0.5,0,2.1
134,Rudy Gay,Spurs,PF,"1,461",-0.6,0.5,-0.1,-2.5,2.3,-0.2,-1.1,0.9,-0.1,2
134,Cameron Johnson,Suns,SF,"1,255",0.4,-0.4,0,-1.2,0.8,-0.5,0.1,-0.2,-0.1,1.7
134,Zach LaVine,Bulls,SG,"2,085",1.1,-0.1,0.9,1.1,-6,-5,1.2,-1.4,-0.1,2.8
137,Kyle Anderson,Grizzlies,SF,"1,330",-1.2,1.5,0.3,-4.7,2.2,-2.5,-2,1.8,-0.2,1.7
137,Kent Bazemore,Kings,SF,"1,688",-2.3,2,-0.3,-4.1,4.3,0.2,-2.9,2.6,-0.2,2.2
137,Mike Conley,Jazz,PG,"1,528",2.1,-1.8,0.3,-1.9,-0.1,-2.1,1.4,-1.6,-0.2,2
137,Jae Crowder,Heat,PF,"2,535",0.8,-0.1,0.6,-1.2,-2.4,-3.6,0.4,-0.6,-0.2,3.3
137,Draymond Green,Warriors,PF,"1,222",-2.7,2,-0.7,-1.2,2.7,1.5,-2.5,2.3,-0.2,1.6
137,Serge Ibaka,Raptors,C,"1,736",-1.4,1.5,0,-0.1,-0.6,-0.7,-1.3,1,-0.2,2.3
143,Tyus Jones,Grizzlies,PG,"1,232",1.2,-1.2,0.1,-0.1,-1.7,-1.8,1.1,-1.3,-0.3,1.5
144,Trevor Ariza,Trail Blazers,SF,"1,493",-1.6,1,-0.6,-1.4,1.8,0.4,-1.6,1.2,-0.4,1.8
144,John Collins,Hawks,PF,"1,363",0.3,-0.7,-0.4,-1.7,0.9,-0.8,0,-0.4,-0.4,1.7
144,Cory Joseph,Kings,PG,"1,759",-1.8,1,-0.8,-2.2,3.3,1.1,-2,1.5,-0.4,2.1
144,T.J. McConnell,Pacers,PG,"1,354",0.1,-0.8,-0.7,2,-1,1,0.5,-0.9,-0.4,1.6
144,Svi Mykhailiuk,Pistons,SG,"1,265",0.2,-1.5,-1.2,1.1,2,3.1,0.5,-0.8,-0.4,1.5
149,Marquese Chriss,Warriors,PF,"1,196",-2,1.9,-0.1,-0.2,-2.5,-2.7,-1.7,1.2,-0.5,1.4
149,Andre Drummond,Cavaliers,C,"1,879",-2.7,2.3,-0.4,-0.9,-0.6,-1.5,-2.4,1.9,-0.5,2.1
149,Mason Plumlee,Nuggets,C,"1,263",-0.2,0,-0.2,-1.7,0.4,-1.3,-0.5,0,-0.5,1.5
149,Lou Williams,Clippers,PG,"2,205",2.7,-2.5,0.3,-0.2,-2.8,-3.1,2.2,-2.7,-0.5,2.6
153,Lonzo Ball,Pelicans,PG,"2,025",-0.9,0.3,-0.6,-0.2,-0.2,-0.3,-0.8,0.2,-0.6,2.3
153,Langston Galloway,Pistons,SG,"1,702",1,-1.2,-0.2,0,-2.5,-2.5,0.9,-1.5,-0.6,1.8
153,Dejounte Murray,Spurs,PG,"1,687",-0.5,0.3,-0.2,-0.1,-2.1,-2.1,-0.5,-0.1,-0.6,1.9
156,Bojan Bogdanovic,Jazz,PF,"2,083",0.7,-2,-1.3,2.9,-0.6,2.3,1.1,-1.8,-0.7,2.2
156,Kentavious Caldwell-Pope,Lakers,SG,"2,370",-0.4,-0.2,-0.6,1,-1.4,-0.5,-0.1,-0.6,-0.7,2.5
156,Pat Connaughton,Bucks,SG,"1,414",-1.1,1.2,0.1,-1.2,-2.1,-3.3,-1.2,0.5,-0.7,1.5
156,Joe Harris,Nets,SF,"2,195",0.3,-1.5,-1.2,3.4,-2,1.4,1,-1.7,-0.7,2.3
156,Buddy Hield,Kings,SG,"2,216",1.4,-1.8,-0.4,0,-1.5,-1.5,1.2,-1.9,-0.7,2.4
156,Ben McLemore,Rockets,SG,"1,749",1.1,-2.8,-1.7,5.6,-1.7,3.9,2,-2.8,-0.7,1.8
156,Georges Niang,Jazz,PF,"1,037",1.3,-1.4,-0.1,-0.3,-2.4,-2.7,1,-1.7,-0.7,1.1
156,JJ Redick,Pelicans,SG,"1,581",2.6,-2.9,-0.3,1.1,-3,-1.9,2.4,-3.1,-0.7,1.7
156,D'Angelo Russell,Timberwolves,PG,"1,452",3.3,-3.6,-0.3,0.2,-3.2,-3,3,-3.7,-0.7,1.5
156,Grant Williams,Celtics,PF,"1,213",-3.1,1.8,-1.3,-0.7,3.5,2.7,-2.9,2.2,-0.7,1.3
166,Avery Bradley,Lakers,SG,"1,186",-1.9,0.2,-1.6,0.5,2.7,3.2,-1.5,0.7,-0.8,1.2
166,Thomas Bryant,Wizards,C,"1,147",-0.4,0,-0.3,-0.3,-2.8,-3.1,-0.4,-0.5,-0.8,1.1
166,Maxi Kleber,Mavericks,PF,"2,093",-1.2,0.8,-0.4,-2.1,-0.1,-2.2,-1.5,0.7,-0.8,2.1
166,Shabazz Napier,Wizards,PG,"1,344",-0.1,-0.8,-0.9,-2.3,1.9,-0.4,-0.5,-0.3,-0.8,1.4
166,Mike Scott,76ers,PF,"1,227",0.3,-2.2,-1.9,2.5,1.7,4.2,0.8,-1.6,-0.8,1.2
166,Myles Turner,Pacers,C,"1,972",-2.1,1.9,-0.2,-3.4,0.7,-2.7,-2.5,1.7,-0.8,2
172,Aaron Gordon,Magic,PF,"2,017",-0.3,-0.8,-1.1,2.4,-2.4,0,0.2,-1.2,-0.9,1.9
172,Gary Harris,Nuggets,SG,"2,159",-2.6,1.4,-1.2,-3.4,4.1,0.7,-2.9,2.1,-0.9,2.1
172,Dario Saric,Suns,PF,"1,632",-0.3,0.2,-0.1,-0.3,-3.4,-3.6,-0.3,-0.5,-0.9,1.6
175,Dillon Brooks,Grizzlies,SF,"2,112",-1.2,-0.3,-1.5,1.6,-0.3,1.3,-0.6,-0.3,-1,1.9
175,Kendrick Nunn,Heat,PG,"2,201",-0.2,-0.2,-0.4,-1.5,-1.4,-2.9,-0.6,-0.5,-1,1.9
175,Russell Westbrook,Rockets,PG,"2,311",0,-0.9,-0.9,-2.2,1.2,-1,-0.4,-0.6,-1,2.1
178,D.J. Augustin,Magic,PG,"1,548",0.7,-2.4,-1.7,-2.1,4,1.8,0.2,-1.3,-1.1,1.3
178,Ja Morant,Grizzlies,PG,"2,074",0.7,-2.3,-1.6,-1,2.4,1.3,0.4,-1.5,-1.1,1.8
178,Julius Randle,Knicks,PF,"2,080",-1,-0.7,-1.8,0.2,1.2,1.4,-0.8,-0.3,-1.1,1.7
178,Brad Wanamaker,Celtics,PG,"1,642",-0.4,-0.7,-1.1,-0.8,0.4,-0.4,-0.5,-0.6,-1.1,1.3
182,Darius Bazley,Thunder,PF,"1,256",-3.4,2.3,-1.1,-6.6,5.2,-1.4,-4.2,3,-1.2,1
182,Garrett Temple,Nets,SG,"1,867",-0.9,-0.3,-1.2,-3.4,2.5,-0.9,-1.5,0.3,-1.2,1.5
182,Marvin Williams,Bucks,PF,"1,308",-1,-0.5,-1.5,0.5,-0.1,0.4,-0.8,-0.4,-1.2,1
185,Jeff Green,Rockets,PF,"1,301",-0.7,0.2,-0.6,-0.8,-2.7,-3.5,-0.8,-0.5,-1.3,1
185,Tristan Thompson,Cavaliers,C,"1,721",-2.1,1.5,-0.6,-2.8,-2,-4.8,-2.3,1,-1.3,1.3
187,Harrison Barnes,Kings,SF,"2,482",-0.3,-0.9,-1.2,-0.1,-1.8,-2,-0.3,-1.1,-1.4,1.7
187,Troy Brown Jr.,Wizards,SF,"1,782",-0.7,-0.1,-0.8,-2.3,-1.5,-3.7,-1.1,-0.4,-1.4,1.2
187,James Ennis III,Magic,SF,"1,384",-1.3,-0.2,-1.5,1.8,-2.1,-0.3,-0.7,-0.7,-1.4,1
187,Doug McDermott,Pacers,SF,"1,426",0.5,-2.7,-2.2,1.9,0.2,2.1,0.8,-2.2,-1.4,0.9
191,Tyler Herro,Heat,SG,"2,214",0.4,-1.1,-0.7,-2.6,-1.5,-4.2,-0.3,-1.2,-1.5,1.4
191,Jaren Jackson Jr.,Grizzlies,PF,"1,622",-1.1,0.6,-0.5,-2,-3,-5,-1.3,-0.2,-1.5,1.1
191,Andrew Wiggins,Warriors,SF,"1,858",0.3,-1.9,-1.6,1.1,-2.4,-1.3,0.5,-2.1,-1.5,1.2
194,Cedi Osman,Cavaliers,SF,"1,910",-0.8,-0.4,-1.2,-0.8,-2.3,-3.1,-0.8,-0.8,-1.6,1.1
195,Solomon Hill,Heat,SF,"1,130",-1.2,-0.5,-1.6,1.2,-3,-1.7,-0.7,-1,-1.7,0.6
195,Wes Iwundu,Magic,SF,"1,029",-1.7,-0.5,-2.2,-2.5,3.7,1.2,-2,0.3,-1.7,0.6
195,Cody Zeller,Hornets,C,"1,341",-0.4,-0.8,-1.2,-0.4,-3.3,-3.7,-0.4,-1.3,-1.7,0.8
198,Semi Ojeleye,Celtics,PF,"1,133",-1.6,1.1,-0.5,-4.6,-1.2,-5.8,-2.4,0.7,-1.8,0.6
198,Josh Okogie,Timberwolves,SF,"1,547",-2.1,0.3,-1.8,-2,0.3,-1.7,-2.2,0.4,-1.8,0.8
200,Malik Beasley,Timberwolves,SG,"1,209",-0.8,-1.2,-1.9,0.9,-1.8,-1,-0.5,-1.4,-1.9,0.6
200,Austin Rivers,Rockets,PG,"1,805",-0.5,-1.7,-2.3,3.5,-3,0.5,0.2,-2.1,-1.9,0.8
200,Tony Snell,Pistons,SF,"1,641",0.4,-1.7,-1.3,-2.7,-1.2,-3.9,-0.2,-1.7,-1.9,0.7
203,Torrey Craig,Nuggets,SF,"1,447",-0.7,-0.8,-1.4,-0.4,-3.9,-4.3,-0.7,-1.5,-2.1,0.4
203,Jerami Grant,Nuggets,PF,"2,545",-0.7,-0.3,-1,-1.8,-4.2,-6,-1,-1.2,-2.1,0.8
203,Monte Morris,Nuggets,PG,"2,042",1,-2.8,-1.8,-0.6,-2,-2.6,0.7,-2.8,-2.1,0.7
203,Terry Rozier,Hornets,SG,"2,164",0.4,-1,-0.6,-4.8,-3.2,-8,-0.6,-1.5,-2.1,0.7
203,Thaddeus Young,Bulls,PF,"1,591",-2.4,0.9,-1.5,-4.1,0.1,-4,-2.9,0.8,-2.1,0.5
208,JaMychal Green,Clippers,PF,"1,529",-1.3,-1.2,-2.5,-0.8,0.9,0.1,-1.3,-0.9,-2.2,0.4
208,Meyers Leonard,Heat,C,"1,065",-2.1,-1,-3,0.8,1.3,2.1,-1.7,-0.6,-2.2,0.3
208,Trey Lyles,Spurs,PF,"1,271",-1.3,-1.5,-2.8,2.3,-1.7,0.6,-0.6,-1.6,-2.2,0.3
208,Frank Ntilikina,Knicks,PG,"1,187",-2.5,0,-2.5,-1.5,0.6,-0.8,-2.4,0.2,-2.2,0.3
208,Taurean Prince,Nets,PF,"1,857",-2.9,0.2,-2.8,0.4,0.4,0.8,-2.4,0.2,-2.2,0.6
213,Kyle Kuzma,Lakers,PF,"2,010",-2.1,0.1,-2.1,-1.1,-0.8,-1.9,-2.1,-0.2,-2.3,0.5
213,Landry Shamet,Clippers,SG,"1,695",-0.8,-1.4,-2.2,-0.3,-1.6,-1.9,-0.7,-1.6,-2.3,0.4
215,Markelle Fultz,Magic,PG,"2,143",-1.4,-1.2,-2.6,1.5,-2.5,-1,-0.8,-1.5,-2.4,0.4
216,Maurice Harkless,Knicks,SF,"1,427",-2.6,0,-2.6,-0.8,-0.2,-1,-2.4,-0.1,-2.5,0.2
216,Coby White,Bulls,PG,"1,674",-1,-1.7,-2.7,-0.6,-0.5,-1.1,-0.9,-1.5,-2.5,0.3
218,Markieff Morris,Lakers,PF,"1,572",-1.5,-1.4,-2.9,-1.4,0.5,-1,-1.5,-1.1,-2.6,0.1
219,Wendell Carter Jr.,Bulls,C,"1,256",-3,-0.6,-3.6,-1.3,3.1,1.9,-2.8,0.1,-2.7,0.1
219,Ish Smith,Wizards,PG,"1,787",-0.4,-2.9,-3.3,0.1,0.1,0.2,-0.3,-2.4,-2.7,0.1
221,Taj Gibson,Knicks,C,"1,025",-1.9,0.3,-1.6,-3.4,-3.9,-7.3,-2.2,-0.5,-2.8,0
221,Kevin Huerter,Hawks,SG,"1,760",-0.5,-2.7,-3.2,0.1,-1.1,-1,-0.4,-2.4,-2.8,0
223,Bobby Portis,Knicks,PF,"1,393",-1.7,-0.9,-2.6,-2.3,-1.7,-4,-1.8,-1.1,-2.9,-0.1
223,Rajon Rondo,Lakers,PG,"1,379",0.2,-3,-2.8,1.1,-3,-1.9,0.4,-3.2,-2.9,-0.1
225,Cam Reddish,Hawks,SF,"1,551",-3.3,0,-3.4,-0.7,-0.4,-1.1,-2.9,0,-3,-0.2
226,Bismack Biyombo,Hornets,C,"1,029",-2.5,-1.2,-3.6,-0.8,0.6,-0.2,-2.2,-0.8,-3.1,-0.2
226,Miles Bridges,Hornets,SF,"1,995",-1.6,-0.8,-2.5,-0.6,-4.6,-5.2,-1.5,-1.6,-3.1,-0.3
226,Lauri Markkanen,Bulls,PF,"1,492",-0.8,-2.7,-3.5,-1.8,1.1,-0.8,-1,-2.1,-3.1,-0.3
226,Nicolo Melli,Pelicans,PF,"1,042",-2,-0.6,-2.6,-2.8,-1.4,-4.2,-2.3,-0.8,-3.1,-0.2
226,Jeff Teague,Hawks,PG,"1,464",0.4,-3.4,-3.1,-0.7,-2,-2.7,0.2,-3.3,-3.1,-0.3
226,P.J. Washington,Hornets,PF,"1,759",-2.3,-1.2,-3.6,-2.2,1.5,-0.7,-2.4,-0.7,-3.1,-0.3
232,Glenn Robinson III,76ers,SF,"1,786",-1.1,-2.1,-3.2,1.1,-3.7,-2.6,-0.7,-2.5,-3.2,-0.4
233,Jaxson Hayes,Pelicans,C,"1,080",-1.7,-1.8,-3.4,-1.9,0.2,-1.7,-1.8,-1.4,-3.3,-0.3
233,Collin Sexton,Cavaliers,PG,"2,143",0.9,-3.7,-2.8,2.5,-7.5,-5,1.3,-4.6,-3.3,-0.6
235,Bryn Forbes,Spurs,SG,"1,579",0.4,-3.2,-2.8,-1.3,-3.3,-4.6,0,-3.4,-3.4,-0.5
236,Eric Gordon,Rockets,SG,"1,426",-1.2,-1.8,-3,-2.8,-2,-4.8,-1.6,-2,-3.6,-0.6
237,Jarrett Culver,Timberwolves,SG,"1,506",-3.2,-1.4,-4.5,0.7,-0.6,0.2,-2.5,-1.3,-3.8,-0.8
237,De'Andre Hunter,Hawks,SF,"2,018",-3,-1.5,-4.4,0,-0.6,-0.6,-2.5,-1.3,-3.8,-1.1
239,Justin Jackson,Mavericks,SF,"1,061",-1.7,-2.2,-3.9,1.3,-3.6,-2.4,-1.3,-2.6,-3.9,-0.6
240,Kevin Porter Jr.,Cavaliers,SG,"1,162",-1.7,-1.9,-3.6,-4.9,-0.2,-5.1,-2.4,-1.5,-4,-0.7
241,Terrance Ferguson,Thunder,SF,"1,299",-3.9,0.6,-3.3,-3.3,-3.2,-6.5,-4,-0.2,-4.2,-0.9
242,Carmelo Anthony,Trail Blazers,PF,"2,078",-2.1,-2.8,-4.9,2,-3,-0.9,-1.4,-3,-4.3,-1.7
242,RJ Barrett,Knicks,SG,"1,704",-1.8,-1.8,-3.6,-1.6,-4.5,-6.1,-1.8,-2.4,-4.3,-1.3
244,Malik Monk,Hornets,SG,"1,169",-1,-3,-4,-3.7,-1.7,-5.4,-1.6,-2.9,-4.5,-1
244,Eric Paschall,Warriors,PF,"1,654",-1.3,-2.7,-4,-1.1,-4.8,-5.9,-1.2,-3.3,-4.5,-1.5
246,Jordan Poole,Warriors,PG,"1,274",-3,-2.4,-5.4,-2.8,0.8,-2,-3,-1.9,-4.9,-1.4
247,Kevin Knox II,Knicks,PF,"1,166",-3.3,-1.9,-5.2,-3.8,-0.5,-4.3,-3.5,-1.7,-5.2,-1.5
248,Rui Hachimura,Wizards,PF,"1,444",-2.2,-2.8,-5,-2.1,-3.5,-5.6,-2.3,-3,-5.3,-1.9
248,Anfernee Simons,Trail Blazers,SG,"1,531",-1.6,-3.2,-4.8,-4.3,-1.9,-6.1,-2.3,-3.1,-5.3,-2
250,Darius Garland,Cavaliers,PG,"1,824",-3,-4.3,-7.4,-0.3,-1.5,-1.8,-2.6,-3.9,-6.5,-3.5